,region,absatz(hl),time
0,Baden-Württemberg ,12216.05,2020-Februar
1,Bayern ,27874.95,2020-Februar
2,Berlin / Brandenburg ,6562.4,2020-Februar
3,Hessen ,3863.85,2020-Februar
4,Mecklenburg-Vorpommern ,11234.08,2020-Februar
5,Niedersachsen / Bremen ,13278.16,2020-Februar
6,Nordrhein-Westfalen ,61630.22,2020-Februar
7,Rheinland-Pfalz / Saarland ,45185.11,2020-Februar
8,Sachsen ,20689.3,2020-Februar
9,Sachsen-Anhalt ,.   ,2020-Februar
10,Schleswig-Holstein / Hamburg ,.   ,2020-Februar
11,Thüringen ,9514.13,2020-Februar
12,Deutschland,223047.05,2020-Februar
13,Baden-Württemberg ,11949.68,2020-Januar 
14,Bayern ,29494.46,2020-Januar 
15,Berlin / Brandenburg ,5209.25,2020-Januar 
16,Hessen ,.   ,2020-Januar 
17,Mecklenburg-Vorpommern ,8198.79,2020-Januar 
18,Niedersachsen / Bremen ,15246.85,2020-Januar 
19,Nordrhein-Westfalen ,59038.18,2020-Januar 
20,Rheinland-Pfalz / Saarland ,44419.02,2020-Januar 
21,Sachsen ,26053.93,2020-Januar 
22,Sachsen-Anhalt ,.   ,2020-Januar 
23,Schleswig-Holstein / Hamburg ,9479.07,2020-Januar 
24,Thüringen ,8314.29,2020-Januar 
25,Deutschland,222662.49,2020-Januar 
26,Baden-Württemberg ,12318.41,2019-Dezember
27,Bayern ,28495.74,2019-Dezember
28,Berlin / Brandenburg ,6193.84,2019-Dezember
29,Hessen ,.   ,2019-Dezember
30,Mecklenburg-Vorpommern ,8029.08,2019-Dezember
31,Niedersachsen / Bremen ,15367.15,2019-Dezember
32,Nordrhein-Westfalen ,73895.5,2019-Dezember
33,Rheinland-Pfalz / Saarland ,43724.23,2019-Dezember
34,Sachsen ,11627.42,2019-Dezember
35,Sachsen-Anhalt ,.   ,2019-Dezember
36,Schleswig-Holstein / Hamburg ,9853.27,2019-Dezember
37,Thüringen ,9263.24,2019-Dezember
38,Deutschland,223614.34,2019-Dezember
39,Baden-Württemberg ,10821.92,2019-November
40,Bayern ,25493.59,2019-November
41,Berlin / Brandenburg ,4994.42,2019-November
42,Hessen ,.   ,2019-November
43,Mecklenburg-Vorpommern ,10012.7,2019-November
44,Niedersachsen / Bremen ,15842.2,2019-November
45,Nordrhein-Westfalen ,57772.59,2019-November
46,Rheinland-Pfalz / Saarland ,39090.67,2019-November
47,Sachsen ,15606.46,2019-November
48,Sachsen-Anhalt ,.   ,2019-November
49,Schleswig-Holstein / Hamburg ,9168.11,2019-November
50,Thüringen ,10840.8,2019-November
51,Deutschland,204531.13,2019-November
52,Baden-Württemberg ,15356.87,2019-Oktober
53,Bayern ,30908.06,2019-Oktober
54,Berlin / Brandenburg ,7032.23,2019-Oktober
55,Hessen ,.   ,2019-Oktober
56,Mecklenburg-Vorpommern ,10518.41,2019-Oktober
57,Niedersachsen / Bremen ,19796.35,2019-Oktober
58,Nordrhein-Westfalen ,65777.79,2019-Oktober
59,Rheinland-Pfalz / Saarland ,42796.98,2019-Oktober
60,Sachsen ,14265.47,2019-Oktober
61,Sachsen-Anhalt ,.   ,2019-Oktober
62,Schleswig-Holstein / Hamburg ,11814.19,2019-Oktober
63,Thüringen ,9673.62,2019-Oktober
64,Deutschland,233507.15,2019-Oktober
65,Baden-Württemberg ,22249.84,2019-September
66,Bayern ,47928.21,2019-September
67,Berlin / Brandenburg ,10767.51,2019-September
68,Hessen ,6479.98,2019-September
69,Mecklenburg-Vorpommern ,15027.94,2019-September
70,Niedersachsen / Bremen ,27335.09,2019-September
71,Nordrhein-Westfalen ,89448.93,2019-September
72,Rheinland-Pfalz / Saarland ,43684.04,2019-September
73,Sachsen ,21388.56,2019-September
74,Sachsen-Anhalt ,.   ,2019-September
75,Schleswig-Holstein / Hamburg ,.   ,2019-September
76,Thüringen ,12686.49,2019-September
77,Deutschland,312199.03,2019-September
78,Baden-Württemberg ,33413.53,2019-August
79,Bayern ,86947.19,2019-August
80,Berlin / Brandenburg ,16440.93,2019-August
81,Hessen ,18210.55,2019-August
82,Mecklenburg-Vorpommern ,24889.41,2019-August
83,Niedersachsen / Bremen ,59208.19,2019-August
84,Nordrhein-Westfalen ,119129.94,2019-August
85,Rheinland-Pfalz / Saarland ,65621.67,2019-August
86,Sachsen ,34639.08,2019-August
87,Sachsen-Anhalt ,.   ,2019-August
88,Schleswig-Holstein / Hamburg ,.   ,2019-August
89,Thüringen ,22844.42,2019-August
90,Deutschland,501324.42,2019-August
91,Baden-Württemberg ,55085.76,2019-Juli
92,Bayern ,132650.82,2019-Juli
93,Berlin / Brandenburg ,26371.47,2019-Juli
94,Hessen ,25959.01,2019-Juli
95,Mecklenburg-Vorpommern ,.   ,2019-Juli
96,Niedersachsen / Bremen ,71618.71,2019-Juli
97,Nordrhein-Westfalen ,176061.05,2019-Juli
98,Rheinland-Pfalz / Saarland ,79053.92,2019-Juli
99,Sachsen ,44869.97,2019-Juli
100,Sachsen-Anhalt ,.   ,2019-Juli
101,Schleswig-Holstein / Hamburg ,.   ,2019-Juli
102,Thüringen ,28080.52,2019-Juli
103,Deutschland,691430.92,2019-Juli
104,Baden-Württemberg ,40135.08,2019-Juni
105,Bayern ,106649.48,2019-Juni
106,Berlin / Brandenburg ,24524.75,2019-Juni
107,Hessen ,24032.65,2019-Juni
108,Mecklenburg-Vorpommern ,29296.26,2019-Juni
109,Niedersachsen / Bremen ,59813.65,2019-Juni
110,Nordrhein-Westfalen ,135980.99,2019-Juni
111,Rheinland-Pfalz / Saarland ,66463.26,2019-Juni
112,Sachsen ,38485.53,2019-Juni
113,Sachsen-Anhalt ,.  ,2019-Juni
114,Schleswig-Holstein / Hamburg ,.  ,2019-Juni
115,Thüringen ,27602.48,2019-Juni
116,Deutschland,571469.3,2019-Juni
117,Baden-Württemberg ,27987.8,2019-Mai
118,Bayern ,71603.79,2019-Mai
119,Berlin / Brandenburg ,13151.68,2019-Mai
120,Hessen ,17066.44,2019-Mai
121,Mecklenburg-Vorpommern ,16989.46,2019-Mai
122,Niedersachsen / Bremen ,46349.88,2019-Mai
123,Nordrhein-Westfalen ,136288.82,2019-Mai
124,Rheinland-Pfalz / Saarland ,63649.23,2019-Mai
125,Sachsen ,31871.3,2019-Mai
126,Sachsen-Anhalt ,.  ,2019-Mai
127,Schleswig-Holstein / Hamburg ,.  ,2019-Mai
128,Thüringen ,27510.28,2019-Mai
129,Deutschland,468011.65,2019-Mai
130,Baden-Württemberg ,26454.51,2019-April
131,Bayern ,71315.17,2019-April
132,Berlin / Brandenburg ,17511.56,2019-April
133,Hessen ,19946.83,2019-April
134,Mecklenburg-Vorpommern ,21225.91,2019-April
135,Niedersachsen / Bremen ,46703.7,2019-April
136,Nordrhein-Westfalen ,112600.35,2019-April
137,Rheinland-Pfalz / Saarland ,68807.53,2019-April
138,Sachsen ,28130.98,2019-April
139,Sachsen-Anhalt ,.  ,2019-April
140,Schleswig-Holstein / Hamburg ,.  ,2019-April
141,Thüringen ,18544.67,2019-April
142,Deutschland,449057.66,2019-April
143,Baden-Württemberg ,14778.99,2019-März
144,Bayern ,41718.04,2019-März
145,Berlin / Brandenburg ,13615.65,2019-März
146,Hessen ,9570.1,2019-März
147,Mecklenburg-Vorpommern ,24094.26,2019-März
148,Niedersachsen / Bremen ,35898.1,2019-März
149,Nordrhein-Westfalen ,72489.16,2019-März
150,Rheinland-Pfalz / Saarland ,41837.33,2019-März
151,Sachsen ,21101.12,2019-März
152,Sachsen-Anhalt ,.   ,2019-März
153,Schleswig-Holstein / Hamburg ,.   ,2019-März
154,Thüringen ,12749.02,2019-März
155,Deutschland,296682.18,2019-März
156,Baden-Württemberg ,10350.02,2019-Februar
157,Bayern ,26714.67,2019-Februar
158,Berlin / Brandenburg ,5551.82,2019-Februar
159,Hessen ,7503.35,2019-Februar
160,Mecklenburg-Vorpommern ,7720.78,2019-Februar
161,Niedersachsen / Bremen ,15264.89,2019-Februar
162,Nordrhein-Westfalen ,65967.82,2019-Februar
163,Rheinland-Pfalz / Saarland ,44748.5,2019-Februar
164,Sachsen ,11425.39,2019-Februar
165,Sachsen-Anhalt ,.   ,2019-Februar
166,Schleswig-Holstein / Hamburg ,.   ,2019-Februar
167,Thüringen ,8279.96,2019-Februar
168,Deutschland,210334.79,2019-Februar
169,Baden-Württemberg ,10895.8,2019-Januar 
170,Bayern ,24717.47,2019-Januar 
171,Berlin / Brandenburg ,5956.33,2019-Januar 
172,Hessen ,8684.72,2019-Januar 
173,Mecklenburg-Vorpommern ,6623.41,2019-Januar 
174,Niedersachsen / Bremen ,14144.66,2019-Januar 
175,Nordrhein-Westfalen ,57555.25,2019-Januar 
176,Rheinland-Pfalz / Saarland ,40437.35,2019-Januar 
177,Sachsen ,16395.32,2019-Januar 
178,Sachsen-Anhalt ,.   ,2019-Januar 
179,Schleswig-Holstein / Hamburg ,.   ,2019-Januar 
180,Thüringen ,9408.54,2019-Januar 
181,Deutschland,201319.75,2019-Januar 
182,Baden-Württemberg ,10006.88,2018-Dezember
183,Bayern ,22108.73,2018-Dezember
184,Berlin / Brandenburg ,.   ,2018-Dezember
185,Hessen ,8637.09,2018-Dezember
186,Mecklenburg-Vorpommern ,7414.2,2018-Dezember
187,Niedersachsen / Bremen ,19235.55,2018-Dezember
188,Nordrhein-Westfalen ,62994.99,2018-Dezember
189,Rheinland-Pfalz / Saarland ,39661.21,2018-Dezember
190,Sachsen ,12048.98,2018-Dezember
191,Sachsen-Anhalt ,.   ,2018-Dezember
192,Schleswig-Holstein / Hamburg ,.   ,2018-Dezember
193,Thüringen ,7977.77,2018-Dezember
194,Deutschland,202350.8,2018-Dezember
195,Baden-Württemberg ,10924.79,2018-November
196,Bayern ,24210.95,2018-November
197,Berlin / Brandenburg ,.  ,2018-November
198,Hessen ,7094.87,2018-November
199,Mecklenburg-Vorpommern ,7314.7,2018-November
200,Niedersachsen / Bremen ,15321.68,2018-November
201,Nordrhein-Westfalen ,61042.25,2018-November
202,Rheinland-Pfalz / Saarland ,42507.29,2018-November
203,Sachsen ,15104.25,2018-November
204,Sachsen-Anhalt ,.  ,2018-November
205,Schleswig-Holstein / Hamburg ,.  ,2018-November
206,Thüringen ,7872.6,2018-November
207,Deutschland,204768.15,2018-November
208,Baden-Württemberg ,14644.41,2018-Oktober
209,Bayern ,31480.1,2018-Oktober
210,Berlin / Brandenburg ,.  ,2018-Oktober
211,Hessen ,8253.56,2018-Oktober
212,Mecklenburg-Vorpommern ,9066.17,2018-Oktober
213,Niedersachsen / Bremen ,17657.34,2018-Oktober
214,Nordrhein-Westfalen ,75980.45,2018-Oktober
215,Rheinland-Pfalz / Saarland ,46117.44,2018-Oktober
216,Sachsen ,16022.71,2018-Oktober
217,Sachsen-Anhalt ,.  ,2018-Oktober
218,Schleswig-Holstein / Hamburg ,.  ,2018-Oktober
219,Thüringen ,10710.64,2018-Oktober
220,Deutschland,246414.48,2018-Oktober
221,Baden-Württemberg ,17235.83,2018-September
222,Bayern ,39075.96,2018-September
223,Berlin / Brandenburg ,.  ,2018-September
224,Hessen ,13472.81,2018-September
225,Mecklenburg-Vorpommern ,14137.58,2018-September
226,Niedersachsen / Bremen ,21728.66,2018-September
227,Nordrhein-Westfalen ,73864.52,2018-September
228,Rheinland-Pfalz / Saarland ,41539.27,2018-September
229,Sachsen ,20763.54,2018-September
230,Sachsen-Anhalt ,.  ,2018-September
231,Schleswig-Holstein / Hamburg ,.  ,2018-September
232,Thüringen ,10600.46,2018-September
233,Deutschland,271648.56,2018-September
234,Baden-Württemberg ,38612.17,2018-August
235,Bayern ,107653.91,2018-August
236,Berlin / Brandenburg ,.   ,2018-August
237,Hessen ,34696.07,2018-August
238,Mecklenburg-Vorpommern ,22801.82,2018-August
239,Niedersachsen / Bremen ,69877.24,2018-August
240,Nordrhein-Westfalen ,165869.75,2018-August
241,Rheinland-Pfalz / Saarland ,75640.25,2018-August
242,Sachsen ,41113.53,2018-August
243,Sachsen-Anhalt ,.   ,2018-August
244,Schleswig-Holstein / Hamburg ,.   ,2018-August
245,Thüringen ,30027.56,2018-August
246,Deutschland,628417.89,2018-August
247,Baden-Württemberg ,38381.63,2018-Juli
248,Bayern ,90853.91,2018-Juli
249,Berlin / Brandenburg ,. ,2018-Juli
250,Hessen ,30616.55,2018-Juli
251,Mecklenburg-Vorpommern ,25882.67,2018-Juli
252,Niedersachsen / Bremen ,56845.11,2018-Juli
253,Nordrhein-Westfalen ,169169.32,2018-Juli
254,Rheinland-Pfalz / Saarland ,73430.86,2018-Juli
255,Sachsen ,38742.52,2018-Juli
256,Sachsen-Anhalt ,. ,2018-Juli
257,Schleswig-Holstein / Hamburg ,. ,2018-Juli
258,Thüringen ,21777.78,2018-Juli
259,Deutschland,585656.42,2018-Juli
260,Baden-Württemberg ,36260.35,2018-Juni
261,Bayern ,100346.15,2018-Juni
262,Berlin / Brandenburg ,.   ,2018-Juni
263,Hessen ,34930.07,2018-Juni
264,Mecklenburg-Vorpommern ,20538.53,2018-Juni
265,Niedersachsen / Bremen ,61184.5,2018-Juni
266,Nordrhein-Westfalen ,169826.8,2018-Juni
267,Rheinland-Pfalz / Saarland ,75701.05,2018-Juni
268,Sachsen ,37994.72,2018-Juni
269,Sachsen-Anhalt ,.   ,2018-Juni
270,Schleswig-Holstein / Hamburg ,.   ,2018-Juni
271,Thüringen ,25595.18,2018-Juni
272,Deutschland,600973.39,2018-Juni
273,Baden-Württemberg ,31629.61,2018-Mai
274,Bayern ,85840.6,2018-Mai
275,Berlin / Brandenburg ,.   ,2018-Mai
276,Hessen ,28342.6,2018-Mai
277,Mecklenburg-Vorpommern ,23152.39,2018-Mai
278,Niedersachsen / Bremen ,60201.45,2018-Mai
279,Nordrhein-Westfalen ,160512.06,2018-Mai
280,Rheinland-Pfalz / Saarland ,80249.68,2018-Mai
281,Sachsen ,38875.22,2018-Mai
282,Sachsen-Anhalt ,.   ,2018-Mai
283,Schleswig-Holstein / Hamburg ,.   ,2018-Mai
284,Thüringen ,23752.05,2018-Mai
285,Deutschland,568677.27,2018-Mai
286,Baden-Württemberg ,25182.45,2018-April
287,Bayern ,70830.68,2018-April
288,Berlin / Brandenburg ,.   ,2018-April
289,Hessen ,22548.03,2018-April
290,Mecklenburg-Vorpommern ,13312.71,2018-April
291,Niedersachsen / Bremen ,43205.39,2018-April
292,Nordrhein-Westfalen ,133101.97,2018-April
293,Rheinland-Pfalz / Saarland ,65177.47,2018-April
294,Sachsen ,29273.46,2018-April
295,Sachsen-Anhalt ,.   ,2018-April
296,Schleswig-Holstein / Hamburg ,.   ,2018-April
297,Thüringen ,19833.34,2018-April
298,Deutschland,451826.6,2018-April
299,Baden-Württemberg ,11685.73,2018-März
300,Bayern ,32668.49,2018-März
301,Berlin / Brandenburg ,.   ,2018-März
302,Hessen ,12294.86,2018-März
303,Mecklenburg-Vorpommern ,6758.93,2018-März
304,Niedersachsen / Bremen ,27607.52,2018-März
305,Nordrhein-Westfalen ,72225.95,2018-März
306,Rheinland-Pfalz / Saarland ,40510.33,2018-März
307,Sachsen ,13272.19,2018-März
308,Sachsen-Anhalt ,.   ,2018-März
309,Schleswig-Holstein / Hamburg ,.   ,2018-März
310,Thüringen ,9769.06,2018-März
311,Deutschland,246002.01,2018-März
312,Baden-Württemberg ,8925.18,2018-Februar
313,Bayern ,21535.05,2018-Februar
314,Berlin / Brandenburg ,.   ,2018-Februar
315,Hessen ,8206.12,2018-Februar
316,Mecklenburg-Vorpommern ,5058.94,2018-Februar
317,Niedersachsen / Bremen ,9805.59,2018-Februar
318,Nordrhein-Westfalen ,63561.16,2018-Februar
319,Rheinland-Pfalz / Saarland ,33802.71,2018-Februar
320,Sachsen ,8852.45,2018-Februar
321,Sachsen-Anhalt ,.   ,2018-Februar
322,Schleswig-Holstein / Hamburg ,.   ,2018-Februar
323,Thüringen ,8033.32,2018-Februar
324,Deutschland,177716.82,2018-Februar
325,Baden-Württemberg ,10921.16,2018-Januar 
326,Bayern ,23545.01,2018-Januar 
327,Berlin / Brandenburg ,.   ,2018-Januar 
328,Hessen ,9774.02,2018-Januar 
329,Mecklenburg-Vorpommern ,4597.74,2018-Januar 
330,Niedersachsen / Bremen ,11328.46,2018-Januar 
331,Nordrhein-Westfalen ,56643.58,2018-Januar 
332,Rheinland-Pfalz / Saarland ,41612.95,2018-Januar 
333,Sachsen ,12786.49,2018-Januar 
334,Sachsen-Anhalt ,.   ,2018-Januar 
335,Schleswig-Holstein / Hamburg ,.   ,2018-Januar 
336,Thüringen ,8766.56,2018-Januar 
337,Deutschland,190207.56,2018-Januar 
338,Baden-Württemberg ,8808.77,2017-Dezember
339,Bayern ,24423.34,2017-Dezember
340,Berlin / Brandenburg ,.   ,2017-Dezember
341,Hessen ,10477.04,2017-Dezember
342,Mecklenburg-Vorpommern ,4763.33,2017-Dezember
343,Niedersachsen / Bremen ,15833.41,2017-Dezember
344,Nordrhein-Westfalen ,70942.8,2017-Dezember
345,Rheinland-Pfalz / Saarland ,41629.54,2017-Dezember
346,Sachsen ,12346,2017-Dezember
347,Sachsen-Anhalt ,.   ,2017-Dezember
348,Schleswig-Holstein / Hamburg ,.   ,2017-Dezember
349,Thüringen ,8253.89,2017-Dezember
350,Deutschland .......................................,209794.03,2017-Dezember
351,Baden-Württemberg ,9188.9,2017-November
352,Bayern ,25745.28,2017-November
353,Berlin / Brandenburg ,.   ,2017-November
354,Hessen ,8747.22,2017-November
355,Mecklenburg-Vorpommern ,6125.74,2017-November
356,Niedersachsen / Bremen ,10977.46,2017-November
357,Nordrhein-Westfalen ,67565,2017-November
358,Rheinland-Pfalz / Saarland ,41026.67,2017-November
359,Sachsen ,13161.35,2017-November
360,Sachsen-Anhalt ,.   ,2017-November
361,Schleswig-Holstein / Hamburg ,.   ,2017-November
362,Thüringen ,10685.18,2017-November
363,Deutschland .......................................,205512.54,2017-November
364,Baden-Württemberg ,11147.16,2017-Oktober
365,Bayern ,28407.89,2017-Oktober
366,Berlin / Brandenburg ,.   ,2017-Oktober
367,Hessen ,7533.15,2017-Oktober
368,Mecklenburg-Vorpommern ,5339.2,2017-Oktober
369,Niedersachsen / Bremen ,16210.75,2017-Oktober
370,Nordrhein-Westfalen ,59822.02,2017-Oktober
371,Rheinland-Pfalz / Saarland ,38005.77,2017-Oktober
372,Sachsen ,13771.84,2017-Oktober
373,Sachsen-Anhalt ,.   ,2017-Oktober
374,Schleswig-Holstein / Hamburg ,.   ,2017-Oktober
375,Thüringen ,10756.02,2017-Oktober
376,Deutschland .......................................,205150.91,2017-Oktober
377,Baden-Württemberg ,15598.61,2017-September
378,Bayern ,36884.82,2017-September
379,Berlin / Brandenburg ,.   ,2017-September
380,Hessen ,11516.92,2017-September
381,Mecklenburg-Vorpommern ,6525.5,2017-September
382,Niedersachsen / Bremen ,17599.56,2017-September
383,Nordrhein-Westfalen ,86837.46,2017-September
384,Rheinland-Pfalz / Saarland ,47649.12,2017-September
385,Sachsen ,20125.69,2017-September
386,Sachsen-Anhalt ,.   ,2017-September
387,Schleswig-Holstein / Hamburg ,.   ,2017-September
388,Thüringen ,12196.97,2017-September
389,Deutschland .......................................,274055.99,2017-September
390,Baden-Württemberg ,27729.92,2017-August
391,Bayern ,76547.25,2017-August
392,Berlin / Brandenburg ,.   ,2017-August
393,Hessen ,22317.28,2017-August
394,Mecklenburg-Vorpommern ,10486.99,2017-August
395,Niedersachsen / Bremen ,36159.99,2017-August
396,Nordrhein-Westfalen ,127693.5,2017-August
397,Rheinland-Pfalz / Saarland ,57629.08,2017-August
398,Sachsen ,34677.31,2017-August
399,Sachsen-Anhalt ,.   ,2017-August
400,Schleswig-Holstein / Hamburg ,.   ,2017-August
401,Thüringen ,19241.98,2017-August
402,Deutschland .......................................,449011.25,2017-August
403,Baden-Württemberg ,34135.25,2017-Juli
404,Bayern ,88668.53,2017-Juli
405,Berlin / Brandenburg ,.   ,2017-Juli
406,Hessen ,25299.91,2017-Juli
407,Mecklenburg-Vorpommern ,8968.77,2017-Juli
408,Niedersachsen / Bremen ,44505.28,2017-Juli
409,Nordrhein-Westfalen ,150743.84,2017-Juli
410,Rheinland-Pfalz / Saarland ,69018.34,2017-Juli
411,Sachsen ,30006.27,2017-Juli
412,Sachsen-Anhalt ,.   ,2017-Juli
413,Schleswig-Holstein / Hamburg ,.   ,2017-Juli
414,Thüringen ,18834.16,2017-Juli
415,Deutschland .......................................,503907.79,2017-Juli
416,Baden-Württemberg ,38438.11,2017-Juni
417,Bayern ,103852.85,2017-Juni
418,Berlin / Brandenburg ,.   ,2017-Juni
419,Hessen ,35457.43,2017-Juni
420,Mecklenburg-Vorpommern ,13751.69,2017-Juni
421,Niedersachsen / Bremen ,55058.64,2017-Juni
422,Nordrhein-Westfalen ,183210.42,2017-Juni
423,Rheinland-Pfalz / Saarland ,72783.12,2017-Juni
424,Sachsen ,39002.2,2017-Juni
425,Sachsen-Anhalt ,.   ,2017-Juni
426,Schleswig-Holstein / Hamburg ,.   ,2017-Juni
427,Thüringen ,26545.74,2017-Juni
428,Deutschland .......................................,613901.18,2017-Juni
429,Baden-Württemberg ,25110.09,2017-Mai
430,Bayern ,66909.69,2017-Mai
431,Berlin / Brandenburg ,.   ,2017-Mai
432,Hessen ,24129.02,2017-Mai
433,Mecklenburg-Vorpommern ,13391.28,2017-Mai
434,Niedersachsen / Bremen ,47017.21,2017-Mai
435,Nordrhein-Westfalen ,148770.09,2017-Mai
436,Rheinland-Pfalz / Saarland ,65695.87,2017-Mai
437,Sachsen ,29644.5,2017-Mai
438,Sachsen-Anhalt ,.   ,2017-Mai
439,Schleswig-Holstein / Hamburg ,.   ,2017-Mai
440,Thüringen ,20846.32,2017-Mai
441,Deutschland .......................................,477023.81,2017-Mai
442,Baden-Württemberg ,20095.72,2017-April
443,Bayern ,52731.39,2017-April
444,Berlin / Brandenburg ,.   ,2017-April
445,Hessen ,23182.26,2017-April
446,Mecklenburg-Vorpommern ,10718.6,2017-April
447,Niedersachsen / Bremen ,31712.48,2017-April
448,Nordrhein-Westfalen ,119411.33,2017-April
449,Rheinland-Pfalz / Saarland ,57985.57,2017-April
450,Sachsen ,22113.51,2017-April
451,Sachsen-Anhalt ,.   ,2017-April
452,Schleswig-Holstein / Hamburg ,.   ,2017-April
453,Thüringen ,14538.49,2017-April
454,Deutschland .......................................,373425.39,2017-April
455,Baden-Württemberg ,15009.02,2017-März
456,Bayern ,37849.88,2017-März
457,Berlin / Brandenburg ,12442.75,2017-März
458,Hessen ,14950.01,2017-März
459,Mecklenburg-Vorpommern ,7629.19,2017-März
460,Niedersachsen / Bremen ,29353.21,2017-März
461,Nordrhein-Westfalen ,99200.85,2017-März
462,Rheinland-Pfalz / Saarland ,44215.11,2017-März
463,Sachsen ,15474.72,2017-März
464,Sachsen-Anhalt ,.   ,2017-März
465,Schleswig-Holstein / Hamburg ,.   ,2017-März
466,Thüringen ,11362.82,2017-März
467,Deutschland .......................................,296343.97,2017-März
468,Baden-Württemberg ,9877.82,2017-Februar
469,Bayern ,23808.73,2017-Februar
470,Berlin / Brandenburg ,.   ,2017-Februar
471,Hessen ,8698.51,2017-Februar
472,Mecklenburg-Vorpommern ,5189.88,2017-Februar
473,Niedersachsen / Bremen ,9845.44,2017-Februar
474,Nordrhein-Westfalen ,60077.75,2017-Februar
475,Rheinland-Pfalz / Saarland ,41833.7,2017-Februar
476,Sachsen ,11870.64,2017-Februar
477,Sachsen-Anhalt ,.   ,2017-Februar
478,Schleswig-Holstein / Hamburg ,.   ,2017-Februar
479,Thüringen ,7838.33,2017-Februar
480,Deutschland .......................................,183362.78,2017-Februar
481,Baden-Württemberg ,7782.87,2017-Januar 
482,Bayern ,20275.09,2017-Januar 
483,Berlin / Brandenburg ,.   ,2017-Januar 
484,Hessen ,7689.08,2017-Januar 
485,Mecklenburg-Vorpommern ,3914.3,2017-Januar 
486,Niedersachsen / Bremen ,9681.46,2017-Januar 
487,Nordrhein-Westfalen ,49017.19,2017-Januar 
488,Rheinland-Pfalz / Saarland ,32338.52,2017-Januar 
489,Sachsen ,11904.75,2017-Januar 
490,Sachsen-Anhalt ,.   ,2017-Januar 
491,Schleswig-Holstein / Hamburg ,.   ,2017-Januar 
492,Thüringen ,7761.68,2017-Januar 
493,Deutschland .......................................,154834.02,2017-Januar 
494,Baden-Württemberg ,10105.75,2016-Dezember
495,Bayern ,25692.54,2016-Dezember
496,Berlin / Brandenburg ,1066.72,2016-Dezember
497,Hessen ,11862.16,2016-Dezember
498,Mecklenburg-Vorpommern ,5785.51,2016-Dezember
499,Niedersachsen / Bremen ,18428.02,2016-Dezember
500,Nordrhein-Westfalen ,76066.75,2016-Dezember
501,Rheinland-Pfalz / Saarland ,44508.45,2016-Dezember
502,Sachsen ,13542.08,2016-Dezember
503,Sachsen-Anhalt ,.   ,2016-Dezember
504,Schleswig-Holstein / Hamburg ,.   ,2016-Dezember
505,Thüringen ,10593.42,2016-Dezember
506,Deutschland .......................................,222920.78,2016-Dezember
507,Baden-Württemberg ,8207.59,2016-November
508,Bayern ,22747.61,2016-November
509,Berlin / Brandenburg ,1128.68,2016-November
510,Hessen ,7452.75,2016-November
511,Mecklenburg-Vorpommern ,4960.63,2016-November
512,Niedersachsen / Bremen ,12973.45,2016-November
513,Nordrhein-Westfalen ,58634.8,2016-November
514,Rheinland-Pfalz / Saarland ,41537.23,2016-November
515,Sachsen ,12378.88,2016-November
516,Sachsen-Anhalt ,.  ,2016-November
517,Schleswig-Holstein / Hamburg ,.  ,2016-November
518,Thüringen ,9239.28,2016-November
519,Deutschland .......................................,184537.6,2016-November
520,Baden-Württemberg ,9944.18,2016-Oktober
521,Bayern ,26903.66,2016-Oktober
522,Berlin / Brandenburg ,.  ,2016-Oktober
523,Hessen ,9629.26,2016-Oktober
524,Mecklenburg-Vorpommern ,5450.98,2016-Oktober
525,Niedersachsen / Bremen ,13503.83,2016-Oktober
526,Nordrhein-Westfalen ,65667.95,2016-Oktober
527,Rheinland-Pfalz / Saarland ,38989.7,2016-Oktober
528,Sachsen ,11303.68,2016-Oktober
529,Sachsen-Anhalt ,.  ,2016-Oktober
530,Schleswig-Holstein / Hamburg ,.  ,2016-Oktober
531,Thüringen ,9102.99,2016-Oktober
532,Deutschland .......................................,197710.25,2016-Oktober
533,Baden-Württemberg ,22297.4,2016-September
534,Bayern ,52846.69,2016-September
535,Berlin / Brandenburg ,.  ,2016-September
536,Hessen ,21921.23,2016-September
537,Mecklenburg-Vorpommern ,10528.62,2016-September
538,Niedersachsen / Bremen ,27957.45,2016-September
539,Nordrhein-Westfalen ,119886.04,2016-September
540,Rheinland-Pfalz / Saarland ,55143.86,2016-September
541,Sachsen ,25309.62,2016-September
542,Sachsen-Anhalt ,.  ,2016-September
543,Schleswig-Holstein / Hamburg ,.  ,2016-September
544,Thüringen ,18897.85,2016-September
545,Deutschland .......................................,376582.2,2016-September
546,Baden-Württemberg ,26384.31,2016-August
547,Bayern ,75744.91,2016-August
548,Berlin / Brandenburg ,.   ,2016-August
549,Hessen ,25768.06,2016-August
550,Mecklenburg-Vorpommern ,13768.37,2016-August
551,Niedersachsen / Bremen ,37801.85,2016-August
552,Nordrhein-Westfalen ,142785.96,2016-August
553,Rheinland-Pfalz / Saarland ,64934.34,2016-August
554,Sachsen ,29431.77,2016-August
555,Sachsen-Anhalt ,.   ,2016-August
556,Schleswig-Holstein / Hamburg ,.   ,2016-August
557,Thüringen ,19962.85,2016-August
558,Deutschland .......................................,466673.22,2016-August
559,Baden-Württemberg ,33379.01,2016-Juli
560,Bayern ,86224.7,2016-Juli
561,Berlin / Brandenburg ,.  ,2016-Juli
562,Hessen ,28146.02,2016-Juli
563,Mecklenburg-Vorpommern ,15293.98,2016-Juli
564,Niedersachsen / Bremen ,45496.51,2016-Juli
565,Nordrhein-Westfalen ,150657.44,2016-Juli
566,Rheinland-Pfalz / Saarland ,69092.82,2016-Juli
567,Sachsen ,28151.02,2016-Juli
568,Sachsen-Anhalt ,.  ,2016-Juli
569,Schleswig-Holstein / Hamburg ,.  ,2016-Juli
570,Thüringen ,20074.57,2016-Juli
571,Deutschland .......................................,509142.55,2016-Juli
572,Baden-Württemberg ,29061.84,2016-Juni
573,Bayern ,78610.51,2016-Juni
574,Berlin / Brandenburg ,.  ,2016-Juni
575,Hessen ,35170.24,2016-Juni
576,Mecklenburg-Vorpommern ,14076.88,2016-Juni
577,Niedersachsen / Bremen ,50265.63,2016-Juni
578,Nordrhein-Westfalen ,163858.13,2016-Juni
579,Rheinland-Pfalz / Saarland ,70515.7,2016-Juni
580,Sachsen ,32280.64,2016-Juni
581,Sachsen-Anhalt ,.  ,2016-Juni
582,Schleswig-Holstein / Hamburg ,.  ,2016-Juni
583,Thüringen ,22838.69,2016-Juni
584,Deutschland .......................................,524834.68,2016-Juni
585,Baden-Württemberg ,23192.21,2016-Mai
586,Bayern ,62999.85,2016-Mai
587,Berlin / Brandenburg ,.   ,2016-Mai
588,Hessen ,29163.56,2016-Mai
589,Mecklenburg-Vorpommern ,11392.89,2016-Mai
590,Niedersachsen / Bremen ,45959.65,2016-Mai
591,Nordrhein-Westfalen ,154902.4,2016-Mai
592,Rheinland-Pfalz / Saarland ,67275.96,2016-Mai
593,Sachsen ,27069.36,2016-Mai
594,Sachsen-Anhalt ,.   ,2016-Mai
595,Schleswig-Holstein / Hamburg ,.   ,2016-Mai
596,Thüringen ,20536.47,2016-Mai
597,Deutschland .......................................,476995.7,2016-Mai
598,Baden-Württemberg ,16634.45,2016-April
599,Bayern ,49010.16,2016-April
600,Berlin / Brandenburg ,.   ,2016-April
601,Hessen ,22927.77,2016-April
602,Mecklenburg-Vorpommern ,10668.72,2016-April
603,Niedersachsen / Bremen ,37208.88,2016-April
604,Nordrhein-Westfalen ,112512.86,2016-April
605,Rheinland-Pfalz / Saarland ,54633.5,2016-April
606,Sachsen ,19492.07,2016-April
607,Sachsen-Anhalt ,.   ,2016-April
608,Schleswig-Holstein / Hamburg ,.   ,2016-April
609,Thüringen ,14939.47,2016-April
610,Deutschland .......................................,359751.63,2016-April
611,Baden-Württemberg ,11248.8,2016-März
612,Bayern ,32277.62,2016-März
613,Berlin / Brandenburg ,.   ,2016-März
614,Hessen ,15206.81,2016-März
615,Mecklenburg-Vorpommern ,9704.95,2016-März
616,Niedersachsen / Bremen ,31615.3,2016-März
617,Nordrhein-Westfalen ,89074.92,2016-März
618,Rheinland-Pfalz / Saarland ,46195.87,2016-März
619,Sachsen ,13415.02,2016-März
620,Sachsen-Anhalt ,.   ,2016-März
621,Schleswig-Holstein / Hamburg ,.   ,2016-März
622,Thüringen ,11753.8,2016-März
623,Deutschland .......................................,272933.04,2016-März
624,Baden-Württemberg ,8263.49,2016-Februar
625,Bayern ,23529.24,2016-Februar
626,Berlin / Brandenburg ,.   ,2016-Februar
627,Hessen ,8809.55,2016-Februar
628,Mecklenburg-Vorpommern ,4304.15,2016-Februar
629,Niedersachsen / Bremen ,13642.55,2016-Februar
630,Nordrhein-Westfalen ,57101.54,2016-Februar
631,Rheinland-Pfalz / Saarland ,34220.27,2016-Februar
632,Sachsen ,11183.49,2016-Februar
633,Sachsen-Anhalt ,.   ,2016-Februar
634,Schleswig-Holstein / Hamburg ,.   ,2016-Februar
635,Thüringen ,8993.22,2016-Februar
636,Deutschland .......................................,175346.67,2016-Februar
637,Baden-Württemberg ,8065.55,2016-Januar 
638,Bayern ,23072.36,2016-Januar 
639,Berlin / Brandenburg ,.   ,2016-Januar 
640,Hessen ,8297.04,2016-Januar 
641,Mecklenburg-Vorpommern ,3410.78,2016-Januar 
642,Niedersachsen / Bremen ,12493.42,2016-Januar 
643,Nordrhein-Westfalen ,59860.83,2016-Januar 
644,Rheinland-Pfalz / Saarland ,40165.96,2016-Januar 
645,Sachsen ,9360.38,2016-Januar 
646,Sachsen-Anhalt ,.   ,2016-Januar 
647,Schleswig-Holstein / Hamburg ,.   ,2016-Januar 
648,Thüringen ,10578.04,2016-Januar 
649,Deutschland .......................................,178957.51,2016-Januar 
650,Baden-Württemberg ,9973.41,2015-Dezember
651,Bayern ,90907.8,2015-Dezember
652,Berlin / Brandenburg ,.   ,2015-Dezember
653,Hessen ,13817.71,2015-Dezember
654,Mecklenburg-Vorpommern ,5691.42,2015-Dezember
655,Niedersachsen / Bremen ,21762.85,2015-Dezember
656,Nordrhein-Westfalen ,87659.16,2015-Dezember
657,Rheinland-Pfalz / Saarland ,48986.66,2015-Dezember
658,Sachsen ,13939.14,2015-Dezember
659,Sachsen-Anhalt ,.   ,2015-Dezember
660,Schleswig-Holstein / Hamburg ,.   ,2015-Dezember
661,Thüringen ,13350.01,2015-Dezember
662,Deutschland .......................................,311883.34,2015-Dezember
663,Baden-Württemberg ,7681.43,2015-November
664,Bayern ,23254.03,2015-November
665,Berlin / Brandenburg ,.   ,2015-November
666,Hessen ,9534.91,2015-November
667,Mecklenburg-Vorpommern ,4487.89,2015-November
668,Niedersachsen / Bremen ,13829.4,2015-November
669,Nordrhein-Westfalen ,66036.2,2015-November
670,Rheinland-Pfalz / Saarland ,40728.42,2015-November
671,Sachsen ,11793.83,2015-November
672,Sachsen-Anhalt ,.   ,2015-November
673,Schleswig-Holstein / Hamburg ,.   ,2015-November
674,Thüringen ,9616.28,2015-November
675,Deutschland .......................................,191606.24,2015-November
676,Baden-Württemberg ,8654.2,2015-Oktober
677,Bayern ,25390.09,2015-Oktober
678,Berlin / Brandenburg ,.   ,2015-Oktober
679,Hessen ,8508.38,2015-Oktober
680,Mecklenburg-Vorpommern ,4910.75,2015-Oktober
681,Niedersachsen / Bremen ,13039.1,2015-Oktober
682,Nordrhein-Westfalen ,62052.91,2015-Oktober
683,Rheinland-Pfalz / Saarland ,35890.35,2015-Oktober
684,Sachsen ,12997.13,2015-Oktober
685,Sachsen-Anhalt ,.   ,2015-Oktober
686,Schleswig-Holstein / Hamburg ,.   ,2015-Oktober
687,Thüringen ,10087.05,2015-Oktober
688,Deutschland .......................................,190454.44,2015-Oktober
689,Baden-Württemberg ,14395.26,2015-September
690,Bayern ,42503.89,2015-September
691,Berlin / Brandenburg ,.   ,2015-September
692,Hessen ,15759.82,2015-September
693,Mecklenburg-Vorpommern ,7751.35,2015-September
694,Niedersachsen / Bremen ,21564.3,2015-September
695,Nordrhein-Westfalen ,81162.07,2015-September
696,Rheinland-Pfalz / Saarland ,48208,2015-September
697,Sachsen ,15350.61,2015-September
698,Sachsen-Anhalt ,.   ,2015-September
699,Schleswig-Holstein / Hamburg ,.   ,2015-September
700,Thüringen ,14502.49,2015-September
701,Deutschland .......................................,274190.83,2015-September
702,Baden-Württemberg ,23287.53,2015-August
703,Bayern ,85763.14,2015-August
704,Berlin / Brandenburg ,.  ,2015-August
705,Hessen ,30474.64,2015-August
706,Mecklenburg-Vorpommern ,11404.77,2015-August
707,Niedersachsen / Bremen ,48819.68,2015-August
708,Nordrhein-Westfalen ,135245.21,2015-August
709,Rheinland-Pfalz / Saarland ,62061.52,2015-August
710,Sachsen ,28272.6,2015-August
711,Sachsen-Anhalt ,.  ,2015-August
712,Schleswig-Holstein / Hamburg ,.  ,2015-August
713,Thüringen ,24108.89,2015-August
714,Deutschland .......................................,485204.07,2015-August
715,Baden-Württemberg ,40070.94,2015-Juli
716,Bayern ,109338.56,2015-Juli
717,Berlin / Brandenburg ,.  ,2015-Juli
718,Hessen ,43420.08,2015-Juli
719,Mecklenburg-Vorpommern ,16233.51,2015-Juli
720,Niedersachsen / Bremen ,69423.47,2015-Juli
721,Nordrhein-Westfalen ,186318.4,2015-Juli
722,Rheinland-Pfalz / Saarland ,89329.35,2015-Juli
723,Sachsen ,28871.77,2015-Juli
724,Sachsen-Anhalt ,.  ,2015-Juli
725,Schleswig-Holstein / Hamburg ,.  ,2015-Juli
726,Thüringen ,28771.61,2015-Juli
727,Deutschland .......................................,651714.6,2015-Juli
728,Baden-Württemberg ,29716.1,2015-Juni
729,Bayern ,84967.66,2015-Juni
730,Berlin / Brandenburg ,.  ,2015-Juni
731,Hessen ,29520.79,2015-Juni
732,Mecklenburg-Vorpommern ,12542.88,2015-Juni
733,Niedersachsen / Bremen ,47971.2,2015-Juni
734,Nordrhein-Westfalen ,142909.25,2015-Juni
735,Rheinland-Pfalz / Saarland ,72990.06,2015-Juni
736,Sachsen ,24195.81,2015-Juni
737,Sachsen-Anhalt ,.  ,2015-Juni
738,Schleswig-Holstein / Hamburg ,.  ,2015-Juni
739,Thüringen ,22849.54,2015-Juni
740,Deutschland .......................................,498735.23,2015-Juni
741,Baden-Württemberg ,18380.35,2015-Mai
742,Bayern ,56292.41,2015-Mai
743,Berlin / Brandenburg ,.  ,2015-Mai
744,Hessen ,26167.09,2015-Mai
745,Mecklenburg-Vorpommern ,9405.32,2015-Mai
746,Niedersachsen / Bremen ,43366.33,2015-Mai
747,Nordrhein-Westfalen ,131366.82,2015-Mai
748,Rheinland-Pfalz / Saarland ,64459.09,2015-Mai
749,Sachsen ,21762.24,2015-Mai
750,Sachsen-Anhalt ,.  ,2015-Mai
751,Schleswig-Holstein / Hamburg ,.  ,2015-Mai
752,Thüringen ,19139.39,2015-Mai
753,Deutschland .......................................,410549.34,2015-Mai
754,Baden-Württemberg ,16840.5,2015-April
755,Bayern ,53629.06,2015-April
756,Berlin / Brandenburg ,.  ,2015-April
757,Hessen ,21982.52,2015-April
758,Mecklenburg-Vorpommern ,5357.49,2015-April
759,Niedersachsen / Bremen ,38493.84,2015-April
760,Nordrhein-Westfalen ,113382.21,2015-April
761,Rheinland-Pfalz / Saarland ,61511.56,2015-April
762,Sachsen ,16943.49,2015-April
763,Sachsen-Anhalt ,.  ,2015-April
764,Schleswig-Holstein / Hamburg ,.  ,2015-April
765,Thüringen ,15730.95,2015-April
766,Deutschland .......................................,365191.4,2015-April
767,Baden-Württemberg ,10094.73,2015-März
768,Bayern ,32169.82,2015-März
769,Berlin / Brandenburg ,.  ,2015-März
770,Hessen ,15971.89,2015-März
771,Mecklenburg-Vorpommern ,6649.31,2015-März
772,Niedersachsen / Bremen ,33389.27,2015-März
773,Nordrhein-Westfalen ,85465.85,2015-März
774,Rheinland-Pfalz / Saarland ,44792.39,2015-März
775,Sachsen ,15549.57,2015-März
776,Sachsen-Anhalt ,.  ,2015-März
777,Schleswig-Holstein / Hamburg ,.  ,2015-März
778,Thüringen ,13769.59,2015-März
779,Deutschland .......................................,277951.84,2015-März
780,Baden-Württemberg ,7021.68,2015-Februar
781,Bayern ,21299.92,2015-Februar
782,Berlin / Brandenburg ,.   ,2015-Februar
783,Hessen ,10360.37,2015-Februar
784,Mecklenburg-Vorpommern ,4142.49,2015-Februar
785,Niedersachsen / Bremen ,12543.58,2015-Februar
786,Nordrhein-Westfalen ,55921.13,2015-Februar
787,Rheinland-Pfalz / Saarland ,37918.89,2015-Februar
788,Sachsen ,9013.9,2015-Februar
789,Sachsen-Anhalt ,.   ,2015-Februar
790,Schleswig-Holstein / Hamburg ,.   ,2015-Februar
791,Thüringen ,8515.33,2015-Februar
792,Deutschland .......................................,176298.78,2015-Februar
793,Baden-Württemberg ,7613.06,2015-Januar 
794,Bayern ,23890.23,2015-Januar 
795,Berlin / Brandenburg ,.   ,2015-Januar 
796,Hessen ,9704.88,2015-Januar 
797,Mecklenburg-Vorpommern ,3038.48,2015-Januar 
798,Niedersachsen / Bremen ,18013.9,2015-Januar 
799,Nordrhein-Westfalen ,60731.7,2015-Januar 
800,Rheinland-Pfalz / Saarland ,41305.39,2015-Januar 
801,Sachsen ,10184.49,2015-Januar 
802,Sachsen-Anhalt ,.   ,2015-Januar 
803,Schleswig-Holstein / Hamburg ,.   ,2015-Januar 
804,Thüringen ,9443.53,2015-Januar 
805,Deutschland .......................................,190854.4,2015-Januar 
